Sl. No,District,Unit_Name,Extractable_Resource,Total_Extraction,Extraction_Stage_Pct,District_Norm,District_Total_Recharge,District_Total_Extractable,District_Total_Extraction,District_Irrigation,District_Domestic,District_Industrial,District_Avg_Stage,District_Net_GW_Future,District_Extraction_Ratio,District_Irrigation_Share,District_Domestic_Share,District_Sustainability,unit_extraction_efficiency,unit_share_of_district_extraction,unit_share_of_district_resource,extraction_vs_district_avg,overextraction_indicator,unit_resource_size,unit_extraction_size
1,Central,Civil Lines,1420.91,970.53,68.3,central,2463.12,2216.808,1795.89,248.57,1547.32,0.0,81.01242868,450.71,0.7291118581311508,0.1384104817110179,0.861589518288982,0.18298337068433532,0.6830341119423468,0.5404172861366787,0.6409711621394366,-12.712428680000002,0,1420.91,970.53
2,Central,Karol Bagh,150.11,171.83,114.47,central,2463.12,2216.808,1795.89,248.57,1547.32,0.0,81.01242868,450.71,0.7291118581311508,0.1384104817110179,0.861589518288982,0.18298337068433532,1.1446938911464926,0.09567957948426685,0.0677144795579951,33.45757132,1,150.11,171.83
3,Central,Kotwali,635.33,598.6,94.22,central,2463.12,2216.808,1795.89,248.57,1547.32,0.0,81.01242868,450.71,0.7291118581311508,0.1384104817110179,0.861589518288982,0.18298337068433532,0.9421875245935183,0.3333166285240187,0.28659676435667863,13.20757132,0,635.33,598.6
4,East,Gandhi Nagar,79.5,72.7,91.45,east,1659.8,1493.82,1468.03,118.99,1348.84,0.2,98.27355371,36.86,0.8844619833714905,0.08105420188960716,0.9188095611125113,0.02220749487890107,0.9144654088050315,0.04952214872993059,0.053219263365064065,-6.823553709999999,0,79.5,72.7
5,East,Mayur Vihar,719.03,711.15,98.9,east,1659.8,1493.82,1468.03,118.99,1348.84,0.2,98.27355371,36.86,0.8844619833714905,0.08105420188960716,0.9188095611125113,0.02220749487890107,0.9890407910657414,0.48442470521719583,0.4813364394639247,0.6264462900000041,0,719.03,711.15
6,East,Preet Vihar,673.88,609.06,90.38,east,1659.8,1493.82,1468.03,118.99,1348.84,0.2,98.27355371,36.86,0.8844619833714905,0.08105420188960716,0.9188095611125113,0.02220749487890107,0.9038107674956964,0.41488252964857664,0.45111191442074683,-7.893553710000006,0,673.88,609.06
7,Nazul Land,Nazul Land,458.9,314.04,68.43,nazul land,554.24,498.816,319.07,232.8,86.27,0.0,63.96547023,179.75,0.5756892321016166,0.7296204594603065,0.2703795405396935,0.32431798498845266,0.6843320984964045,0.9842354342307331,0.9199785091095715,4.464529770000006,0,458.9,314.04
8,New Delhi,Chanakyapuri,535.32,703.67,131.45,new,3022.42,2720.178,3673.73,686.86,2984.67,2.2,135.0547648,0.0,1.215492883186321,0.1869652914068263,0.8124358621891102,0.0,1.3144847941418216,0.1915410223396929,0.19679594497124822,-3.604764799999998,1,535.32,703.67
9,New Delhi,Delhi Cantonment,1023.75,1281.58,125.18,new,3022.42,2720.178,3673.73,686.86,2984.67,2.2,135.0547648,0.0,1.215492883186321,0.1869652914068263,0.8124358621891102,0.0,1.2518485958485959,0.3488498065998318,0.3763540474189557,-9.87476479999998,1,1023.75,1281.58
10,New Delhi,Vasant Vihar,1062.67,1627.27,153.13,new,3022.42,2720.178,3673.73,686.86,2984.67,2.2,135.0547648,0.0,1.215492883186321,0.1869652914068263,0.8124358621891102,0.0,1.531303226777833,0.44294763088196465,0.390661934623396,18.07523520000001,1,1062.67,1627.27
11,North,Alipur,1806.39,1615.52,89.43,north,4451.68,4006.512,4586.85,491.81,4044.73,50.31,114.4848686,29.6,1.0303638177047767,0.10722173168950368,0.8818099567241134,0.006649175142867412,0.8943362175388482,0.3522068521970415,0.4508634942313913,-25.054868599999992,0,1806.39,1615.52
12,North,Model Town,535.83,518.62,96.79,north,4451.68,4006.512,4586.85,491.81,4044.73,50.31,114.4848686,29.6,1.0303638177047767,0.10722173168950368,0.8818099567241134,0.006649175142867412,0.9678816042401507,0.11306670154899331,0.13373977165175097,-17.694868599999992,0,535.83,518.62
13,North,Narela,1865.92,2458.85,131.78,north,4451.68,4006.512,4586.85,491.81,4044.73,50.31,114.4848686,29.6,1.0303638177047767,0.10722173168950368,0.8818099567241134,0.006649175142867412,1.3177681787000513,0.5360650555392044,0.4657218049016202,17.295131400000002,1,1865.92,2458.85
14,North East,Karawal Nagar,610.64,694.88,113.8,north east,1775.65,1598.085,1727.97,154.72,1573.25,0.0,108.1275401,102.19,0.9731478613465491,0.08953859152647325,0.9104614084735267,0.057550756061160696,1.137953622428927,0.40213661116801797,0.3821073347162385,5.672459899999993,1,610.64,694.88
15,North East,Seelampur,724.34,616.84,85.16,north east,1775.65,1598.085,1727.97,154.72,1573.25,0.0,108.1275401,102.19,0.9731478613465491,0.08953859152647325,0.9104614084735267,0.057550756061160696,0.8515890327746638,0.35697379005422547,0.45325498956563637,-22.967540100000008,0,724.34,616.84
16,North East,Yamuna Vihar,262.73,378.66,144.13,north east,1775.65,1598.085,1727.97,154.72,1573.25,0.0,108.1275401,102.19,0.9731478613465491,0.08953859152647325,0.9104614084735267,0.057550756061160696,1.4412514748981844,0.21913574888452925,0.1644030198644002,36.00245989999999,1,262.73,378.66
17,North West,Kanjhawala,843.29,574.14,68.08,north west,3814.43,3432.987,2369.85,511.32,1857.97,0.56,69.03172077,1063.13,0.6212854869534897,0.21576049117032725,0.7840032069540267,0.27871267790993676,0.6808334025068482,0.24226849800620293,0.2456432255642098,-0.9517207700000085,0,843.29,574.14
18,North West,Rohini,2126.74,1299.64,61.11,north west,3814.43,3432.987,2369.85,511.32,1857.97,0.56,69.03172077,1063.13,0.6212854869534897,0.21576049117032725,0.7840032069540267,0.27871267790993676,0.6110949152223593,0.5484060172584764,0.6195013263959345,-7.921720770000007,0,2126.74,1299.64
19,North West,Saraswati Vihar,484.13,404.52,83.56,north west,3814.43,3432.987,2369.85,511.32,1857.97,0.56,69.03172077,1063.13,0.6212854869534897,0.21576049117032725,0.7840032069540267,0.27871267790993676,0.8355606965071365,0.17069434774352807,0.14102296338436468,14.528279229999995,0,484.13,404.52
20,Shahdara,Seemapuri,494.85,490.58,99.14,shahdara,1614.31,1452.879,1697.51,338.42,1358.59,0.5,116.837672,3.86,1.051539047642646,0.1993625958020866,0.800342855123092,0.0023911144699593017,0.9913711225623926,0.28899977025172163,0.34059959569929776,-17.697671999999997,0,494.85,490.58
21,Shahdara,Shahdara,375.0,448.78,119.67,shahdara,1614.31,1452.879,1697.51,338.42,1358.59,0.5,116.837672,3.86,1.051539047642646,0.1993625958020866,0.800342855123092,0.0023911144699593017,1.1967466666666666,0.26437546759665626,0.25810821135139267,2.832328000000004,1,375.0,448.78
22,Shahdara,Vivek Vihar,577.45,729.74,126.37,shahdara,1614.31,1452.879,1697.51,338.42,1358.59,0.5,116.837672,3.86,1.051539047642646,0.1993625958020866,0.800342855123092,0.0023911144699593017,1.263728461338644,0.42988848372027266,0.39745223105296457,9.532328000000007,1,577.45,729.74
23,South,Hauz Khas,972.53,970.78,99.82,south,4512.5,4061.25,4567.61,709.9,3857.71,0.0,112.4680825,6.34,1.0122127423822713,0.15542044964434354,0.8445795503556566,0.0014049861495844876,0.9982005696482371,0.2125356586924015,0.2394656817482302,-12.648082500000001,0,972.53,970.78
24,South,Mehrauli,1103.45,1300.99,117.9,south,4512.5,4061.25,4567.61,709.9,3857.71,0.0,112.4680825,6.34,1.0122127423822713,0.15542044964434354,0.8445795503556566,0.0014049861495844876,1.1790203452807104,0.2848294841284611,0.2717020621729763,5.4319175000000115,1,1103.45,1300.99
25,South,Saket,1951.04,2269.33,116.31,south,4512.5,4061.25,4567.61,709.9,3857.71,0.0,112.4680825,6.34,1.0122127423822713,0.15542044964434354,0.8445795503556566,0.0014049861495844876,1.1631386337543055,0.4968309466000819,0.4804038165589412,3.841917500000008,1,1951.04,2269.33
26,South East,Defence Colony,879.03,864.77,98.38,south east,2691.15,2422.035,2377.36,220.17,2144.45,12.74,98.1554767,44.66,0.8833992902662431,0.09261113167547194,0.902029982838106,0.01659513590844063,0.9837775730066096,0.36375222936366386,0.3629303457629638,0.2245233000000013,0,879.03,864.77
27,South East,Kalkaji,915.8,875.52,95.6,south east,2691.15,2422.035,2377.36,220.17,2144.45,12.74,98.1554767,44.66,0.8833992902662431,0.09261113167547194,0.902029982838106,0.01659513590844063,0.9560165975103735,0.36827405188949086,0.3781117944208073,-2.5554767,0,915.8,875.52
28,South East,Sarita Vihar,568.55,567.97,99.9,south east,2691.15,2422.035,2377.36,220.17,2144.45,12.74,98.1554767,44.66,0.8833992902662431,0.09261113167547194,0.902029982838106,0.01659513590844063,0.9989798610500397,0.23890786418548304,0.23474062100671542,1.7445233000000115,0,568.55,567.97
29,South West,Dwarka,2279.6,2275.66,99.83,south west,7443.7,6699.33,6339.34,3981.46,2357.88,0.0,94.62647757,328.56,0.851638298158174,0.6280559174929882,0.3719440825070118,0.04413933930706503,0.9982716266011581,0.3589742780794215,0.34027283325347457,5.2035224299999925,0,2279.6,2275.66
30,South West,Kapashera,2170.39,2488.16,114.64,south west,7443.7,6699.33,6339.34,3981.46,2357.88,0.0,94.62647757,328.56,0.851638298158174,0.6280559174929882,0.3719440825070118,0.04413933930706503,1.14641147443547,0.39249511778828705,0.3239712030904583,20.013522429999995,1,2170.39,2488.16
31,South West,Najafgarh,2494.49,1735.59,69.58,south west,7443.7,6699.33,6339.34,3981.46,2357.88,0.0,94.62647757,328.56,0.851638298158174,0.6280559174929882,0.3719440825070118,0.04413933930706503,0.6957694759249385,0.27378086677792957,0.37234917521602906,-25.046477570000008,0,2494.49,1735.59
32,West,Patel Nagar,1445.87,1395.77,96.53,west,3986.42,3587.778,3530.37,731.98,2797.79,0.6,98.399901,169.3,0.88559910897497,0.20733804105518686,0.7924920050872855,0.042469182875863556,0.9653495819126201,0.39536082620235274,0.4029987362651758,-1.8699009999999987,0,1445.87,1395.77
33,West,Punjabi Bagh,1679.31,1484.3,88.39,west,3986.42,3587.778,3530.37,731.98,2797.79,0.6,98.399901,169.3,0.88559910897497,0.20733804105518686,0.7924920050872855,0.042469182875863556,0.8838749248203132,0.4204375178805621,0.4680640775432594,-10.009901,0,1679.31,1484.3
34,West,Rajouri Garden,522.46,630.51,120.68,west,3986.42,3587.778,3530.37,731.98,2797.79,0.6,98.399901,169.3,0.88559910897497,0.20733804105518686,0.7924920050872855,0.042469182875863556,1.2068100907246486,0.17859601118296384,0.145622165028048,22.280099000000007,1,522.46,630.51
